{
"title": "Energie-Monitor Kanton Basel-Stadt",
"description": "Diese App bietet die Möglichkeit, die Daten zum täglichen Stromverbrauch des Kanton Basel-Stadt eigentständig zu analysieren. Grunsätzlich steht dafür ein Liniendiagramm, ein Calendar-Heatmap sowie ein Säulendiagramm mit diversen interaktiven Funktionen zur Verfügung.",
"authors": [
    {"name": "Bela Tim Koch", "email": "bela.koch@students.unibe.ch"}
],
"date": "2022-06-01",
"category": "environment",
"software_license": "GNU General Public License v3"
}